SEASON,SAMPLE_TYPE,CORE_SIGNALS,CORE_STAKE,CORE_RETURN,CORE_PROFIT,CORE_ROI,RARE_HOME_SIGNALS,RARE_HOME_STAKE,RARE_HOME_RETURN,RARE_HOME_PROFIT,RARE_HOME_ROI,RARE_AWAY_SIGNALS,RARE_AWAY_STAKE,RARE_AWAY_RETURN,RARE_AWAY_PROFIT,RARE_AWAY_ROI,PORTFOLIO_MATCHES,PORTFOLIO_STAKE,PORTFOLIO_RETURN,PORTFOLIO_PROFIT,PORTFOLIO_ROI,MAX_DRAWDOWN,MAX_LOSING_STREAK
ESP_2021,DEVELOPMENT,51,51.0,105.0,54.0,1.0588235294117647,102,102.0,149.0,47.0,0.46078431372549017,28,28.0,55.0,27.0,0.9642857142857143,173,181.0,309.0,128.0,0.7071823204419889,24.0,23
ENG_2021,VALIDATION,14,14.0,0.0,-14.0,-1.0,95,95.0,51.5,-43.5,-0.4578947368421052,23,23.0,11.5,-11.5,-0.5,132,132.0,63.0,-69.0,-0.5227272727272727,69.0,38
ESP_2022,VALIDATION,39,39.0,80.0,41.0,1.051282051282051,112,112.0,13.5,-98.5,-0.8794642857142857,13,13.0,24.75,11.75,0.903846153846154,152,164.0,118.25,-45.75,-0.2789634146341463,75.25,32
FRA_2021,VALIDATION,8,8.0,15.0,7.0,0.875,105,105.0,63.0,-42.0,-0.4,23,23.0,5.5,-17.5,-0.7608695652173914,133,136.0,83.5,-52.5,-0.3860294117647059,58.5,27
GER_2021,VALIDATION,8,8.0,0.0,-8.0,-1.0,132,132.0,98.25,-33.75,-0.2556818181818182,13,13.0,13.5,0.5,0.0384615384615384,150,153.0,111.75,-41.25,-0.2696078431372549,41.25,28
ITA_2021,VALIDATION,9,9.0,17.0,8.0,0.8888888888888888,107,107.0,108.0,1.0,0.0093457943925233,46,46.0,46.25,0.25,0.0054347826086956,160,162.0,171.25,9.25,0.0570987654320987,39.5,31
